mode,run_id,metric,mean,ci_low_95,ci_high_95,time_sec,peak_ram_mb
full_dataset,2929f33cfffb4d7592696a357c18aa2b,accuracy,0.9054,0.8871,0.9218,0.0232,2.1368
full_dataset,2929f33cfffb4d7592696a357c18aa2b,precision,0.8729,0.837,0.905,0.0232,2.1368
full_dataset,2929f33cfffb4d7592696a357c18aa2b,recall,0.89,0.856,0.9192,0.0232,2.1368
full_dataset,2929f33cfffb4d7592696a357c18aa2b,f1,0.8812,0.8547,0.9038,0.0232,2.1368
full_dataset,2929f33cfffb4d7592696a357c18aa2b,roc_auc,0.9626,0.9497,0.9735,0.0232,2.1368
chunked,46d121eda0084b8485f813ef6f7a4d40,accuracy,0.8991,0.8795,0.9186,0.1414,2.3176
chunked,46d121eda0084b8485f813ef6f7a4d40,precision,0.8713,0.8338,0.907,0.1414,2.3176
chunked,46d121eda0084b8485f813ef6f7a4d40,recall,0.8735,0.8384,0.9074,0.1414,2.3176
chunked,46d121eda0084b8485f813ef6f7a4d40,f1,0.8722,0.8449,0.8985,0.1414,2.3176
chunked,46d121eda0084b8485f813ef6f7a4d40,roc_auc,0.9413,0.924,0.9571,0.1414,2.3176
